Escenario,Valor,Confianza_Valor,Cambio_vs_Ultimo,Direccion,Confianza_Direccion,DJCIIM_Cambio,Correlacion_Cobre_DJCIIM,Volatilidad_Compuesta
BASE,430.2889080301374,95,-1.0818726582748295,BAJA,95,0.3492099839706775,0.9657762568068159,3.5932568442430775
ALCISTA,435.11537022065625,0.7941204546597467,0.027671633158132813,ALZA,55,0.3492099839706775,0.9657762568068159,3.5932568442430775
BAJISTA,425.4959790612114,89.35026508255112,-2.183708074526969,BAJA,95,0.3492099839706775,0.9657762568068159,3.5932568442430775
CONSERVADOR,432.1713448180825,35,-0.6491235949648844,BAJA,69,0.3492099839706775,0.9657762568068159,3.5932568442430775
