Escenario,Valor,Confianza_Valor,Cambio_vs_Ultimo,Direccion,Confianza_Direccion
BASE,430.0524245545648,95,-1.1362373005287862,BAJA,95
ALCISTA,434.97742084392695,0.60549864673616,-0.004041231755091967,ALZA,55
BAJISTA,425.1274282652027,99.39450135326385,-2.2684333693024805,BAJA,95
CONSERVADOR,432.5237122772824,30,-0.5681186502643931,BAJA,64
