Escenario,Valor,Confianza_Valor,Cambio_vs_Ultimo,Direccion,Confianza_Direccion,DJCIIM_Cambio,Correlacion_Cobre_DJCIIM,Volatilidad_Compuesta
BASE,429.9149061210093,95,-0.6239034980353497,BAJA,82,3.7434723933579717,0.9629152942820481,2.3928700604558393
ALCISTA,434.92969341936214,8.95031710531532,0.535279352809237,ALZA,55,3.7434723933579717,0.9629152942820481,2.3928700604558393
BAJISTA,425.2554958049209,82.67701327746929,-1.7009399129660818,BAJA,90,3.7434723933579717,0.9629152942820481,2.3928700604558393
CONSERVADOR,430.9945436726056,35,-0.37434209882121205,BAJA,70,3.7434723933579717,0.9629152942820481,2.3928700604558393
