Escenario,Valor,Confianza_Valor,Cambio_vs_Ultimo,Direccion,Confianza_Direccion
BASE,428.1133664825128,95,-0.4977591236562495,BAJA,78
ALCISTA,433.0328221436378,13.822057165069603,0.6456222806563217,ALZA,56
BAJISTA,423.19391082138776,86.1779428349304,-1.6411405279688207,BAJA,86
CONSERVADOR,429.1841832412564,30,-0.2488795618281303,BAJA,65
