.model_id,.model_desc,.type,mae,mape,mase,smape,rmse,rsq
8,GLMNET,Test,1.4480228544246065,0.35286461038039135,0.4042774437162646,0.353146014132668,1.9690572733539697,0.9955481690591901
999,ENSEMBLE PONDERADO OPTIMAL,Test,1.5088158352221905,0.3694290242578142,NA,NA,2.0220255547676684,NA
9,KERNLAB,Test,2.6844128796092472,0.6611219063599859,0.7494685415574347,0.6614045841838625,3.5939560439850498,0.9840240955057808
6,LM,Test,3.5907111406823575,0.8833985705720417,1.0025004209311381,0.8833519611401176,4.865243919728582,0.9701722844448905
