.model_id,.model_desc,.type,mae,mape,mase,smape,rmse,rsq
8,GLMNET,Test,1.4445834190511528,0.3521033101063649,0.4022388098442793,0.35238448389230675,1.9668420809582376,0.9955527388716067
999,ENSEMBLE PONDERADO OPTIMAL,Test,1.5028659899686814,0.3680170311978233,NA,NA,2.018159990676481,NA
9,KERNLAB,Test,2.691319889294563,0.6628349049025583,0.749387882280372,0.6631399262216958,3.6015727719621937,0.9839526962288158
6,LM,Test,3.5820904059918077,0.88147359599386,0.997419576231295,0.8814182115213242,4.859980423953739,0.9702234365149205
