.model_id,.model_desc,.type,mae,mape,mase,smape,rmse,rsq
7,GLMNET,Test,1.424266834775973,0.3469380652802012,0.3976449359025401,0.34733289694676295,1.9229473410938944,0.9959842831876081
999,ENSEMBLE PONDERADO OPTIMAL,Test,1.4898764770614137,0.3646326895431598,NA,NA,1.996258059248196,NA
8,KERNLAB,Test,2.6844128796092472,0.6611219063599859,0.7494685415574347,0.6614045841838625,3.5939560439850498,0.9840240955057808
5,LM,Test,3.5907111406823575,0.8833985705720417,1.0025004209311381,0.8833519611401176,4.865243919728582,0.9701722844448905
