.model_id,.model_desc,.type,mae,mape,mase,smape,rmse,rsq
7,GLMNET,Test,1.4333938326033666,0.34891417732534197,0.39919199984766335,0.34933151766208925,1.9326117022701808,0.9959797011545822
999,ENSEMBLE PONDERADO OPTIMAL,Test,1.493526970400448,0.36523199601977274,NA,NA,2.001370859847038,NA
8,KERNLAB,Test,2.6765474667626847,0.6587181974674856,0.7454031904153204,0.65899977254476,3.5869470771300818,0.9840798799853994
5,LM,Test,3.5807566454434063,0.8799130551863753,0.9972202849974829,0.8799600848320328,4.848517568328662,0.9703645030387745
