.model_id,.model_desc,.type,mae,mape,mase,smape,rmse,rsq
7,GLMNET,Test,1.424266834775973,0.3469380652802012,0.3976449359025401,0.34733289694676295,1.9229473410938944,0.9959842831876081
8,KERNLAB,Test,2.6844128796092472,0.6611219063599859,0.7494685415574347,0.6614045841838625,3.5939560439850498,0.9840240955057808
5,LM,Test,3.5907111406823575,0.8833985705720417,1.0025004209311381,0.8833519611401176,4.865243919728582,0.9701722844448905
6,RANGER,Test,4.202291345049751,1.0016453966540175,1.1732491635311768,1.0091853044332577,5.808256645138212,0.9818605113613578
2,"ARIMA(0,1,1) W/ XGBOOST ERRORS",Test,30.400814912669297,7.171293929940894,8.487686297374774,7.597494303950635,39.08653465817053,0.12008855522087741
1,"ARIMA(0,1,1)",Test,30.68007286563377,7.236713284813989,8.56565308568681,7.6657711941265,39.514020876927525,NA
3,PROPHET,Test,33.81256025295749,8.494299131069209,9.44022076916712,8.035734486732384,39.82580399689604,0.40012798418482687
4,"ETS(M,AD,M)",Test,34.204494324098526,8.080040741706966,9.549645909731748,8.606668289535769,43.15348480040513,0.09797364386699617
