.model_id,.model_desc,.type,mae,mape,mase,smape,rmse,rsq
8,GLMNET,Test,1.4480228544246065,0.35286461038039135,0.4042774437162646,0.353146014132668,1.9690572733539697,0.9955481690591901
9,KERNLAB,Test,2.6844128796092472,0.6611219063599859,0.7494685415574347,0.6614045841838625,3.5939560439850498,0.9840240955057808
6,LM,Test,3.5907111406823575,0.8833985705720417,1.0025004209311381,0.8833519611401176,4.865243919728582,0.9701722844448905
7,RANGER,Test,4.018348852789306,0.9595265912732999,1.1218937582386266,0.9662929890918293,5.54153707677518,0.9824452787617053
5,"NNAR(7,1,20)[5]",Test,17.54225548078321,4.282236696069462,4.897670075522915,4.252575984265288,22.35767382581797,0.4523901610146583
2,"ARIMA(0,1,1) W/ XGBOOST ERRORS",Test,30.32974356362696,7.152283722851576,8.46784369390722,7.579297035463389,39.084579345851644,0.13143867631107262
1,"ARIMA(0,1,1)",Test,30.68007286563377,7.236713284813989,8.56565308568681,7.6657711941265,39.514020876927525,NA
3,PROPHET,Test,33.81256025295749,8.494299131069209,9.44022076916712,8.035734486732384,39.82580399689604,0.40012798418482687
4,"ETS(M,AD,M)",Test,34.204494324098526,8.080040741706966,9.549645909731748,8.606668289535769,43.15348480040513,0.09797364386699617
