.model_id,.model_desc,.type,mae,mape,mase,smape,rmse,rsq
7,GLMNET,Test,1.4333938326033666,0.34891417732534197,0.39919199984766335,0.34933151766208925,1.9326117022701808,0.9959797011545822
8,KERNLAB,Test,2.6765474667626847,0.6587181974674856,0.7454031904153204,0.65899977254476,3.5869470771300818,0.9840798799853994
5,LM,Test,3.5807566454434063,0.8799130551863753,0.9972202849974829,0.8799600848320328,4.848517568328662,0.9703645030387745
6,RANGER,Test,4.259968409547191,1.0170326782378418,1.1863768840182873,1.024897418064106,5.804387466164983,0.9818580450027288
3,PROPHET,Test,32.747167170458376,8.215930126706784,9.119899119684773,7.787231474258436,38.66368155436549,0.39695125612279303
2,"ARIMA(0,1,1) W/ XGBOOST ERRORS",Test,34.73022438628943,8.214739928849339,9.67216923400651,8.749534976848455,43.24276843118244,0.10368832277007485
1,"ARIMA(0,1,1)",Test,34.68393111495346,8.191778959659086,9.659276822204703,8.729050090599154,43.527597016582135,NA
4,"ETS(M,AD,M)",Test,36.41175960443497,8.610659447153063,10.140467193211935,9.194898161202698,45.1890556602462,0.006882711603614964
