.model_id,.model_desc,.type,mae,mape,mase,smape,rmse,rsq
7,GLMNET,Test,1.3948588579514334,0.33814003414639715,0.3966730156653236,0.3384300565842783,1.883367434423697,0.9959964443481056
8,KERNLAB,Test,2.644856271528468,0.6483221366811862,0.7521500166471113,0.6485331028406048,3.5614694375583738,0.9841912371218605
5,LM,Test,3.5141409211217964,0.8594917047054245,0.9993590883464402,0.8595280846194961,4.8034130953441725,0.9706942534501444
6,RANGER,Test,4.567850035502123,1.082473457337661,1.2990151930860603,1.0914452417378988,6.204641576910526,0.9815541954125963
3,PROPHET,Test,20.752177021815267,4.980890738432339,5.901549532369041,5.104637232413018,26.84293655369653,0.2259844071146307
2,"ARIMA(0,1,1) W/ XGBOOST ERRORS",Test,30.094417883211957,7.083564959419815,8.558316440674444,7.475553584541903,38.084119884855724,0.054654293794289814
4,"ETS(M,AD,M)",Test,30.236396490226362,7.114311857675569,8.598692627758403,7.507306106774572,38.35358786567357,0.001648431850499751
1,"ARIMA(0,1,1)",Test,30.53502505567352,7.182526618462096,8.683617272961365,7.585671886463374,38.7356863426122,NA
